{"cameraMode":{"drawMode":0,"name":"Shaded","section":"Shading Mode"},"sceneLighting":true,"audioPlay":false,"sceneViewState":{"showFog":true,"showMaterialUpdate":false,"showSkybox":true,"showFlares":false,"showImageEffects":false,"showParticleSystems":true},"in2DMode":false,"pivot":{"x":7.06058406829834,"y":10.079275131225586,"z":-33.36377716064453},"rotation":{"x":0.12386468797922135,"y":-0.09927903860807419,"z":0.012470017187297345,"w":0.9872789978981018},"size":0.14168763160705567,"orthographic":false}