{"cameraMode":{"drawMode":0,"name":"Shaded","section":"Shading Mode"},"sceneLighting":false,"audioPlay":false,"sceneViewState":{"showFog":true,"showMaterialUpdate":false,"showSkybox":false,"showFlares":true,"showImageEffects":true,"showParticleSystems":true},"in2DMode":false,"pivot":{"x":3.991455316543579,"y":1.0240161418914796,"z":-1.8318002223968506},"rotation":{"x":-0.007159086875617504,"y":0.9901861548423767,"z":-0.05531942844390869,"w":-0.12814459204673768},"size":2.045208215713501,"orthographic":false}