{"cameraMode":{"drawMode":0,"name":"Shaded","section":"Shading Mode"},"sceneLighting":false,"audioPlay":false,"sceneViewState":{"showFog":true,"showMaterialUpdate":false,"showSkybox":false,"showFlares":true,"showImageEffects":true,"showParticleSystems":true},"in2DMode":false,"pivot":{"x":0.2805905342102051,"y":0.637004554271698,"z":-0.10784387588500977},"rotation":{"x":-0.0053345379419624809,"y":0.9780818819999695,"z":-0.02524959295988083,"w":-0.2066301554441452},"size":1.873551368713379,"orthographic":false}