{"cameraMode":{"drawMode":0,"name":"Shaded","section":"Shading Mode"},"sceneLighting":true,"audioPlay":false,"sceneViewState":{"showFog":true,"showMaterialUpdate":false,"showSkybox":true,"showFlares":true,"showImageEffects":true,"showParticleSystems":true},"in2DMode":false,"pivot":{"x":-2.590106725692749,"y":-2.910773754119873,"z":9.176623344421387},"rotation":{"x":-0.24053068459033967,"y":0.46976232528686526,"z":-0.13473175466060639,"w":-0.8386507630348206},"size":4.699522495269775,"orthographic":false}