{"cameraMode":{"drawMode":0,"name":"Shaded","section":"Shading Mode"},"sceneLighting":false,"audioPlay":false,"sceneViewState":{"showFog":true,"showMaterialUpdate":false,"showSkybox":false,"showFlares":true,"showImageEffects":true,"showParticleSystems":true},"in2DMode":false,"pivot":{"x":2.014409303665161,"y":1.748103380203247,"z":2.991028070449829},"rotation":{"x":-0.007658073678612709,"y":0.9834510684013367,"z":-0.04280688986182213,"w":-0.17591094970703126},"size":1.590775489807129,"orthographic":false}