{"cameraMode":{"drawMode":0,"name":"Shaded","section":"Shading Mode"},"sceneLighting":false,"audioPlay":false,"sceneViewState":{"showFog":true,"showMaterialUpdate":false,"showSkybox":false,"showFlares":true,"showImageEffects":true,"showParticleSystems":true},"in2DMode":false,"pivot":{"x":1.1891682147979737,"y":1.3168779611587525,"z":-10.157269477844239},"rotation":{"x":0.0005029398016631603,"y":0.997879683971405,"z":-0.0077932849526405338,"w":0.06475359946489334},"size":5.890470504760742,"orthographic":false}