{"cameraMode":{"drawMode":0,"name":"Shaded","section":"Shading Mode"},"sceneLighting":false,"audioPlay":false,"sceneViewState":{"showFog":true,"showMaterialUpdate":false,"showSkybox":false,"showFlares":true,"showImageEffects":true,"showParticleSystems":true},"in2DMode":false,"pivot":{"x":-1.234061598777771,"y":-0.14637599885463715,"z":-10.283679008483887},"rotation":{"x":-0.007036204915493727,"y":0.9929778575897217,"z":-0.08391639590263367,"w":-0.08330828696489334},"size":6.1904706954956059,"orthographic":false}