{"cameraMode":{"drawMode":0,"name":"Shaded","section":"Shading Mode"},"sceneLighting":false,"audioPlay":false,"sceneViewState":{"showFog":true,"showMaterialUpdate":false,"showSkybox":false,"showFlares":true,"showImageEffects":true,"showParticleSystems":true},"in2DMode":false,"pivot":{"x":-0.2800658345222473,"y":-0.41388142108917239,"z":0.633263111114502},"rotation":{"x":-0.18012841045856477,"y":0.13993500173091889,"z":-0.025897955521941186,"w":-0.9732954502105713},"size":2.3092243671417238,"orthographic":false}