{"cameraMode":{"drawMode":0,"name":"Shaded","section":"Shading Mode"},"sceneLighting":true,"audioPlay":false,"sceneViewState":{"showFog":true,"showMaterialUpdate":true,"showSkybox":true,"showFlares":true,"showImageEffects":true,"showParticleSystems":true},"in2DMode":false,"pivot":{"x":24.405540466308595,"y":8.04835033416748,"z":-17.265064239501954},"rotation":{"x":-0.24620214104652406,"y":0.2458919882774353,"z":-0.06473369151353836,"w":-0.9352929592132568},"size":10.0,"orthographic":false}