{"cameraMode":{"drawMode":0,"name":"Shaded","section":"Shading Mode"},"sceneLighting":true,"audioPlay":false,"sceneViewState":{"showFog":true,"showMaterialUpdate":false,"showSkybox":true,"showFlares":false,"showImageEffects":false,"showParticleSystems":true},"in2DMode":false,"pivot":{"x":7.177211761474609,"y":10.110125541687012,"z":-33.359130859375},"rotation":{"x":0.06883033365011215,"y":0.11078591644763947,"z":-0.007676450069993734,"w":0.9914655685424805},"size":0.14168763160705567,"orthographic":false}