{"cameraMode":{"drawMode":0,"name":"Shaded","section":"Shading Mode"},"sceneLighting":true,"audioPlay":false,"sceneViewState":{"showFog":true,"showMaterialUpdate":false,"showSkybox":true,"showFlares":true,"showImageEffects":true,"showParticleSystems":true},"in2DMode":false,"pivot":{"x":-1.3213319778442383,"y":0.8002972602844238,"z":-2.2505273818969728},"rotation":{"x":-0.13201141357421876,"y":0.8429188132286072,"z":-0.24038733541965486,"w":-0.4628988206386566},"size":6.4883952140808109,"orthographic":false}