{"cameraMode":{"drawMode":0,"name":"Shaded","section":"Shading Mode"},"sceneLighting":true,"audioPlay":false,"sceneViewState":{"showFog":true,"showMaterialUpdate":false,"showSkybox":true,"showFlares":false,"showImageEffects":false,"showParticleSystems":true},"in2DMode":false,"pivot":{"x":-21.882741928100587,"y":5.5234551429748539,"z":-15.742419242858887},"rotation":{"x":-0.2188149094581604,"y":-0.47481927275657656,"z":0.12318357080221176,"w":-0.8435543179512024},"size":1.8647903203964234,"orthographic":false}