{"cameraMode":{"drawMode":0,"name":"Shaded","section":"Shading Mode"},"sceneLighting":false,"audioPlay":false,"sceneViewState":{"showFog":true,"showMaterialUpdate":false,"showSkybox":false,"showFlares":true,"showImageEffects":true,"showParticleSystems":true},"in2DMode":false,"pivot":{"x":-1.3234798908233643,"y":1.677597999572754,"z":0.5606600046157837},"rotation":{"x":-0.03015386126935482,"y":0.8924614787101746,"z":-0.4460662007331848,"w":-0.0603325292468071},"size":1.590775489807129,"orthographic":false}