{"cameraMode":{"drawMode":0,"name":"Shaded","section":"Shading Mode"},"sceneLighting":true,"audioPlay":false,"sceneViewState":{"showFog":true,"showMaterialUpdate":false,"showSkybox":true,"showFlares":false,"showImageEffects":false,"showParticleSystems":true},"in2DMode":false,"pivot":{"x":-24.85697364807129,"y":5.32570743560791,"z":-17.614742279052736},"rotation":{"x":-0.17930655181407929,"y":-0.6813234090805054,"z":0.17786180973052979,"w":-0.6870998740196228},"size":2.7647902965545656,"orthographic":false}